,City,Country,Cloudiness,Date,Humidity,Lat,Lng,Max Temp,Wind Speed
0,Yangi Marg`ilon,UZ,49,1613014227,87,40.4272,71.7189,41.0,3.74
1,Jamestown,US,90,1613014173,86,42.097,-79.2353,18.0,5.75
2,Puerto Ayora,EC,82,1613014228,99,-0.7393,-90.3518,75.0,1.01
3,Mataura,NZ,100,1613014228,88,-46.1927,168.8643,49.89,11.88
4,Comodoro Rivadavia,AR,0,1613014226,94,-45.8667,-67.5,62.6,24.63
5,Rikitea,PF,7,1613014228,78,-23.1203,-134.9692,78.57,12.3
6,Port Elizabeth,ZA,90,1613014034,100,-33.918,25.5701,71.6,3.44
7,Trairi,BR,98,1613014094,83,-3.2778,-39.2689,79.7,7.94
8,Kapaa,US,1,1613014228,56,22.0752,-159.319,72.0,5.75
9,Ankpa,NG,3,1613014228,89,7.3706,7.6253,72.45,5.44
10,Santa Rosa,PH,40,1613013948,78,14.3122,121.1114,86.0,6.91
11,Bichura,RU,97,1613014229,87,50.5881,107.6022,16.23,6.11
12,New Norfolk,AU,97,1613014229,29,-42.7826,147.0587,78.01,1.99
13,Herat Province,AF,0,1613014229,60,34.5,62.0,35.6,2.3
14,Harper,LR,24,1613014229,88,4.375,-7.7169,78.31,6.71
15,Lebu,CL,6,1613014229,96,-37.6167,-73.65,59.0,9.17
16,Shimoda,JP,20,1613014229,35,34.6667,138.95,55.4,10.36
17,Albany,US,100,1613014158,48,42.6001,-73.9662,21.99,1.99
18,Tuktoyaktuk,CA,1,1613014230,76,69.4541,-133.0374,-23.8,17.27
19,Walvis Bay,NA,100,1613014230,82,-22.9575,14.5053,68.0,2.3
20,Punta Arenas,CL,90,1613014230,77,-53.15,-70.9167,57.2,10.36
21,Busselton,AU,75,1613014230,62,-33.65,115.3333,66.0,5.01
22,Amberley,US,90,1613014230,79,39.2048,-84.428,21.99,10.36
23,Norman Wells,CA,20,1613014231,76,65.282,-126.8329,-16.6,9.22
24,Hermanus,ZA,5,1613014231,88,-34.4187,19.2345,66.99,1.01
25,Yellowknife,CA,40,1613014002,83,62.456,-114.3525,-16.01,4.61
26,Hobart,AU,0,1613014093,40,-42.8794,147.3294,78.01,10.36
27,Bluff,NZ,100,1613014231,86,-46.6,168.3333,52.52,28.19
28,Rome,US,90,1613014232,73,43.2128,-75.4557,17.01,2.08
29,Saint Paul Harbor,US,90,1613014233,75,57.79,-152.4072,37.4,32.21
30,Tasiilaq,GL,87,1613014233,61,65.6145,-37.6368,6.8,6.91
31,Vaini,TO,75,1613014234,83,-21.2,-175.2,82.4,13.8
32,Fortuna,US,1,1613014234,100,40.5982,-124.1573,46.99,2.82
33,Hilo,US,20,1613014234,57,19.7297,-155.09,77.0,10.36
34,Oga,IT,75,1613014234,74,46.4631,10.347,33.01,5.75
35,Lorengau,PG,99,1613014016,71,-2.0226,147.2712,84.81,13.09
36,Port Hardy,CA,75,1613014088,59,50.6996,-127.4199,35.6,19.57
37,Zaoyang,CN,0,1613014234,43,32.1272,112.7542,61.02,5.86
38,Butaritari,KI,100,1613014235,76,3.0707,172.7902,81.7,13.91
39,Much,DE,0,1613014235,86,50.9167,7.4,18.0,1.14
40,Betsiamites,CA,1,1613014235,43,48.9413,-68.646,10.4,8.05
41,Arraial do Cabo,BR,100,1613014235,82,-22.9661,-42.0278,73.94,3.89
42,Klaksvík,FO,54,1613014235,86,62.2266,-6.589,23.0,11.56
43,Ziro,IN,32,1613014235,53,27.6333,93.8333,55.89,2.37
44,Ponta do Sol,PT,84,1613014235,77,32.6667,-17.1,60.01,1.99
45,Ushuaia,AR,40,1613014040,52,-54.8,-68.3,64.4,17.27
46,Viedma,AR,20,1613014235,82,-40.8135,-62.9967,64.99,18.07
47,Stornoway,GB,0,1613014235,59,58.2093,-6.3865,32.0,10.36
48,Ponta Delgada,PT,20,1613014235,72,37.7333,-25.6667,59.0,27.63
49,Toora-Khem,RU,95,1613014235,84,52.4675,96.11,2.8,2.89
50,Avera,US,90,1613014236,97,33.194,-82.5271,61.0,5.75
51,São Paulo de Olivença,BR,100,1613014236,95,-3.3783,-68.8725,74.68,1.3
52,Zhigansk,RU,100,1613014236,87,66.7697,123.3711,-11.16,8.63
53,Alyangula,AU,100,1613014236,70,-13.8483,136.4192,87.8,8.05
54,Port Alfred,ZA,11,1613014236,95,-33.5906,26.891,72.0,1.01
55,Presidencia Roque Sáenz Peña,AR,93,1613014236,82,-26.7852,-60.4388,73.0,1.99
56,Cape Town,ZA,0,1613014085,88,-33.9258,18.4232,68.0,11.5
57,Khatanga,RU,1,1613014237,83,71.9667,102.5,-22.29,4.32
58,Narsaq,GL,0,1613014237,27,60.9167,-46.05,33.8,32.21
59,Aykhal,RU,27,1613014237,86,66.0,111.5,-13.67,4.25
60,Fairbanks,US,1,1613014101,71,64.8378,-147.7164,5.0,2.44
61,Lewiston,US,1,1613014037,67,44.1003,-70.2148,14.0,3.44
62,Maputo,MZ,20,1613014237,94,-25.9653,32.5892,77.0,10.36
63,Kruisfontein,ZA,9,1613014237,91,-34.0033,24.7314,71.01,1.99
64,Maniitsoq,GL,0,1613014238,86,65.4167,-52.9,15.31,3.6
65,Provideniya,RU,0,1613014238,64,64.3833,-173.3,-9.4,20.13
66,Faanui,PF,2,1613014238,71,-16.4833,-151.75,81.73,18.72
67,Pevek,RU,0,1613014238,71,69.7008,170.3133,-17.25,1.23
68,Sola,VU,75,1613014239,74,-13.8833,167.55,89.6,5.75
69,Kashgar,CN,20,1613014239,30,39.4547,75.9797,41.0,4.47
70,Bathsheba,BB,8,1613014239,77,13.2167,-59.5167,76.87,18.81
71,Kirakira,SB,100,1613014239,71,-10.4544,161.9205,84.81,7.92
72,Maniwaki,CA,100,1613014240,78,46.3834,-75.966,3.2,2.3
73,Būlaevo,KZ,19,1613014240,84,54.9056,70.4439,-23.53,4.38
74,Sigli,ID,25,1613014240,65,5.3848,95.9609,84.31,4.41
75,Taltal,CL,4,1613014241,76,-25.4,-70.4833,64.04,0.29
76,Torbay,CA,90,1613014241,73,47.6666,-52.7314,21.0,29.93
77,Atuona,PF,3,1613014241,80,-9.8,-139.0333,78.78,18.68
78,Avarua,CK,20,1613014025,74,-21.2078,-159.775,84.2,3.44
79,Juneau,US,20,1613014241,32,58.3019,-134.4197,19.4,12.66
80,Castro,BR,100,1613014098,97,-24.7911,-50.0119,61.34,8.12
81,Honiara,SB,98,1613014241,66,-9.4333,159.95,86.02,6.55
82,Praia,CV,0,1613014242,64,14.9215,-23.5087,69.8,14.97
83,Atar,MR,0,1613014242,23,20.5169,-13.0499,63.66,10.31
84,Saskylakh,RU,0,1613014243,84,71.9167,114.0833,-21.55,6.38
85,Coyhaique,CL,0,1613014188,52,-45.5752,-72.0662,66.2,4.88
86,Caucayá,CO,85,1613014243,75,-0.1934,-74.7819,77.22,2.98
87,Emba,KZ,100,1613013982,98,48.8264,58.1442,24.46,11.14
88,Esperance,AU,90,1613014243,49,-33.8667,121.9,68.0,14.97
89,Waipawa,NZ,4,1613014243,56,-41.4122,175.5153,68.0,24.16
90,Anadyr,RU,0,1613014243,64,64.75,177.4833,-13.0,2.24
91,San Quintín,MX,1,1613014243,80,30.4833,-115.95,55.83,11.18
92,St Helens,GB,0,1613014243,86,53.45,-2.7333,28.99,10.36
93,Nikolskoye,RU,20,1613014244,85,59.7035,30.7861,7.0,3.98
94,Dikson,RU,1,1613014244,86,73.5069,80.5464,-22.65,4.56
95,Pangnirtung,CA,0,1613014244,70,66.1451,-65.7125,4.82,2.75
96,Hong Kong,HK,0,1613014139,77,22.2855,114.1577,64.99,1.01
97,Vila Velha,BR,20,1613014245,88,-20.3297,-40.2925,77.0,3.44
98,Menongue,AO,94,1613014245,80,-14.6585,17.691,59.77,3.74
99,Beidao,CN,27,1613014245,44,34.5686,105.8933,37.0,1.99
100,Salalah,OM,0,1613014245,37,17.0151,54.0924,72.54,11.36
101,Mayo,US,90,1613014245,100,38.8876,-76.5119,35.01,11.48
102,Voinka,UA,100,1613014245,88,45.8699,33.9914,46.04,7.67
103,Nome,US,1,1613014246,49,64.5011,-165.4064,-7.6,17.27
104,Río Gallegos,AR,0,1613014246,77,-51.6226,-69.2181,62.6,21.85
105,Hithadhoo,MV,31,1613014246,79,-0.6,73.0833,81.79,12.68
106,Raudeberg,NO,0,1613014246,62,61.9875,5.1352,24.01,7.94
107,Saint George,US,1,1613014246,35,37.1041,-113.5841,55.99,3.0
108,Qaanaaq,GL,95,1613014247,77,77.484,-69.3632,7.77,9.73
109,Hay River,CA,44,1613014206,76,60.8156,-115.7999,-18.4,8.05
110,Ribeira Grande,PT,35,1613014247,66,38.5167,-28.7,59.5,29.19
111,Carnarvon,AU,0,1613014247,61,-24.8667,113.6333,80.6,17.27
112,Tokoroa,NZ,45,1613014247,61,-38.2333,175.8667,73.0,1.99
113,Yulara,AU,75,1613014248,43,-25.2406,130.9889,91.4,8.05
114,Manakara,MG,100,1613014248,89,-22.1333,48.0167,72.23,3.65
115,Alice Springs,AU,0,1613014249,36,-23.7,133.8833,95.0,14.97
116,Nanzhang,CN,33,1613014250,47,31.7765,111.8386,61.65,4.54
117,Dunedin,NZ,71,1613014250,53,-45.8742,170.5036,63.0,8.01
118,Bethel,US,90,1613014250,68,41.3712,-73.414,25.0,3.44
119,Nemuro,JP,75,1613014250,51,43.3236,145.575,30.2,4.61
120,Lüderitz,NA,88,1613014250,79,-26.6481,15.1594,66.22,7.18
121,Port Hedland,AU,40,1613014250,66,-20.3167,118.5667,89.6,16.11
122,Saint-Philippe,RE,89,1613014250,69,-21.3585,55.7679,79.0,1.14
123,Ouadda,CF,66,1613014250,28,8.0777,22.4007,62.98,4.09
124,Aklavik,CA,0,1613014251,75,68.2191,-135.0107,-25.6,4.61
125,Touros,BR,75,1613014251,83,-5.1989,-35.4608,80.6,6.91
126,Camabatela,AO,100,1613014251,100,-8.1881,15.375,64.47,5.55
127,Ambilobe,MG,96,1613014251,89,-13.2,49.05,76.24,2.46
128,Elban,RU,83,1613014251,91,50.1018,136.5094,7.54,4.45
129,Kaitangata,NZ,100,1613014251,63,-46.2817,169.8464,59.0,14.0
130,Coahuayana Viejo,MX,15,1613014251,86,18.7333,-103.6833,67.39,2.71
131,Hegang,CN,0,1613014251,93,47.4,130.3667,21.7,5.26
132,Delmas 73,HT,28,1613014252,74,18.5447,-72.3028,72.73,1.86
133,San Cristobal,VE,16,1613014252,88,7.7669,-72.225,64.71,2.24
134,Muros,ES,100,1613014252,91,42.7762,-9.0603,59.0,20.0
135,Imphal,IN,0,1613014252,32,24.8167,93.95,71.47,1.81
136,Hasaki,JP,20,1613014252,30,35.7333,140.8333,57.0,16.11
137,Bilma,NE,0,1613014252,24,18.6853,12.9164,63.73,5.79
138,Tiksi,RU,9,1613014252,88,71.6872,128.8694,-12.01,2.33
139,Sinnamary,GF,68,1613014253,85,5.3833,-52.95,76.8,12.93
140,Constitución,CL,30,1613013956,91,-35.3333,-72.4167,61.9,3.44
141,Shizunai-furukawachō,JP,24,1613014253,89,42.3339,142.3669,31.41,17.6
142,Virginia Beach,US,90,1613014159,70,36.8529,-75.978,42.8,5.75
143,Kavieng,PG,86,1613014253,79,-2.5744,150.7967,82.02,8.43
144,Goderich,CA,100,1613014253,73,43.7501,-81.7165,17.6,4.61
145,Rāichūr,IN,46,1613014253,45,16.2,77.3667,74.57,5.44
146,Berlevåg,NO,100,1613014254,87,70.8578,29.0864,22.48,8.3
147,Mar del Plata,AR,90,1613014254,83,-38.0023,-57.5575,68.0,16.11
148,Ocós,GT,20,1613014254,100,14.5094,-92.1933,77.0,10.2
149,São João da Barra,BR,97,1613014254,90,-21.6403,-41.0511,74.07,3.33
150,Departamento de Maldonado,UY,90,1613014254,88,-34.6667,-54.9167,70.0,8.05
151,Sulangan,PH,13,1613014254,74,11.1373,123.7228,81.23,1.45
152,Wagga Wagga,AU,0,1613014255,27,-35.1167,147.3667,87.01,9.13
153,Souillac,MU,98,1613014255,68,-20.5167,57.5167,82.0,8.01
154,Cherskiy,RU,0,1613014255,87,68.75,161.3,-12.23,4.23
155,Chapais,CA,90,1613014255,77,49.7834,-74.8492,-11.2,1.63
156,Camopi,GF,100,1613014255,98,3.1655,-52.3158,71.11,2.17
157,Katsuura,JP,20,1613014256,40,35.1333,140.3,53.6,19.57
158,Misratah,LY,0,1613014256,34,32.3754,15.0925,64.85,15.95
159,Erin,US,90,1613014256,93,36.3184,-87.6947,33.8,6.91
160,Lavrentiya,RU,0,1613014256,79,65.5833,-171.0,-27.42,9.62
161,Bambous Virieux,MU,23,1613014256,68,-20.3428,57.7575,82.0,8.01
162,Tsaratanana,MG,100,1613014257,81,-16.7833,47.65,72.27,4.25
163,Ilulissat,GL,0,1613014257,62,69.2167,-51.1,12.2,17.27
164,Great Falls,US,75,1613014186,69,47.5002,-111.3008,-16.01,4.56
165,Bredasdorp,ZA,0,1613014257,94,-34.5322,20.0403,57.2,1.14
166,Barrow,US,1,1613014019,84,71.2906,-156.7887,-40.0,10.36
167,Payo,ID,54,1613014257,69,-3.7508,103.6372,83.66,4.74
168,George Town,MY,20,1613014213,79,5.4112,100.3354,87.01,3.44
169,Kahului,US,40,1613014002,56,20.8947,-156.47,73.4,16.11
170,Thompson,CA,75,1613014150,75,55.7435,-97.8558,-27.4,4.61
171,Bengkulu,ID,49,1613014257,64,-3.8004,102.2655,84.61,5.77
172,Inhambane,MZ,24,1613014257,81,-23.865,35.3833,78.85,13.47
173,Upernavik,GL,93,1613014257,90,72.7868,-56.1549,-2.58,10.54
174,Longyearbyen,SJ,75,1613014144,66,78.2186,15.6401,6.8,20.71
175,Pisco,PE,0,1613014258,78,-13.7,-76.2167,73.4,5.75
176,Xining,CN,5,1613014258,55,36.6167,101.7667,40.17,4.07
177,Labuhan,ID,100,1613014258,78,-6.8844,112.2051,83.07,6.42
178,Cabo San Lucas,MX,1,1613014258,82,22.8909,-109.9124,64.99,17.27
179,Rocha,UY,90,1613014258,93,-34.4833,-54.3333,66.27,7.43
180,Khanbari,NP,0,1613014258,40,27.3747,87.2039,65.91,2.77
181,Doka,SD,74,1613014259,41,13.5167,35.7667,67.73,4.34
182,Mahébourg,MU,24,1613014259,68,-20.4081,57.7,82.0,8.01
183,Chui,UY,82,1613014259,89,-33.6971,-53.4616,69.24,11.1
184,Trelew,AR,0,1613014134,43,-43.249,-65.3051,71.94,30.49
185,Baharly,TM,85,1613014259,53,38.4362,57.4316,49.26,9.78
186,Okhotsk,RU,100,1613014259,93,59.3833,143.3,25.48,6.87
187,Gweru,ZW,99,1613014259,92,-19.45,29.8167,63.63,11.5
188,Alta Floresta,BR,100,1613014259,95,-9.8756,-56.0861,72.0,1.16
189,Airai,TL,77,1613014260,82,-8.9266,125.4092,73.54,3.44
190,Ulaangom,MN,21,1613014260,80,49.9811,92.0667,3.18,2.91
191,Cockburn Town,TC,0,1613014261,77,21.4612,-71.1419,76.78,18.48
192,Faya,SA,0,1613014261,81,18.3851,42.4509,50.0,1.3
193,Codrington,AU,99,1613014261,22,-38.2667,141.9667,94.39,17.11
194,Mirny,RU,100,1613014261,91,62.5353,113.9611,-4.45,4.88
195,São Filipe,CV,22,1613014261,73,14.8961,-24.4956,70.48,8.41
196,Ouésso,CG,99,1613014262,69,1.6136,16.0517,72.28,0.81
197,Mbuji-Mayi,CD,99,1613014262,93,-6.15,23.6,70.3,1.1
198,Kingaroy,AU,75,1613014262,39,-26.5333,151.8333,82.4,5.75
199,Brae,GB,23,1613014263,83,60.3964,-1.353,34.43,12.15
200,Severo-Yeniseyskiy,RU,86,1613014263,88,60.3725,93.0408,-14.64,9.17
201,Sungurlu,TR,0,1613014263,71,40.1675,34.3739,42.69,4.65
202,Yerbogachën,RU,18,1613014263,88,61.2767,108.0108,-6.54,3.96
203,Reconquista,AR,7,1613014212,75,-29.15,-59.65,69.01,5.48
204,Mount Gambier,AU,100,1613014263,31,-37.8333,140.7667,89.6,12.66
205,Gberia Fotombu,SL,32,1613014264,81,9.8833,-11.1667,64.62,3.18
206,Hofn,IS,100,1613014264,74,64.2539,-15.2082,38.93,16.17
207,Tuatapere,NZ,100,1613014264,85,-46.1333,167.6833,51.49,13.69
208,Rabak,SD,9,1613014264,23,13.1809,32.74,70.21,8.03
209,Norfolk,US,72,1613014204,68,42.1668,-71.2495,21.99,8.05
210,Naze,JP,75,1613014264,88,28.3667,129.4833,60.8,18.41
211,Chipata,ZM,100,1613014264,98,-13.6333,32.65,65.16,1.14
212,Mouzourás,GR,20,1613014264,76,35.5333,24.15,51.8,8.25
213,Kiruna,SE,90,1613014264,73,67.8557,20.2251,21.2,13.8
214,San Francisco,US,20,1613014201,71,37.7749,-122.4194,53.6,10.36
215,Slave Lake,CA,90,1613014264,69,55.2834,-114.769,-16.6,12.66
216,Yerofey Pavlovich,RU,100,1613014264,94,53.9667,121.9667,12.15,7.65
217,Lompoc,US,1,1613014264,76,34.6391,-120.4579,53.6,12.66
218,Shingū,JP,75,1613014265,38,33.7333,135.9833,55.4,14.97
219,Conceição das Alagoas,BR,0,1613014265,83,-19.9147,-48.3883,68.43,4.09
220,Fukuechō,JP,0,1613014265,54,32.6881,128.8419,55.4,9.22
221,Rawson,AR,0,1613014265,57,-43.3002,-65.1023,68.61,31.76
222,San Patricio,US,90,1613014265,94,28.017,-97.5169,59.0,14.97
223,Esim,GH,29,1613014265,86,4.8699,-2.2405,79.38,6.53
224,Novobirilyussy,RU,100,1613014265,86,56.9514,90.6661,-9.54,10.42
225,West Wendover,US,1,1613014265,36,40.7391,-114.0733,46.4,6.91
226,Riyadh,SA,0,1613014040,44,24.6877,46.7219,55.4,3.02
227,Christchurch,NZ,0,1613014147,23,-43.5333,172.6333,78.01,10.36
228,Cerqueira César,BR,97,1613014265,97,-23.0356,-49.1661,63.0,10.27
229,Suntar,RU,100,1613014266,90,62.1444,117.6319,-5.69,4.74
230,Vyshkov,RU,90,1613014266,85,52.4764,31.6873,12.2,6.71
231,Biak,ID,100,1613014266,70,-0.9131,122.8766,83.77,1.95
232,Khovd,MN,27,1613014266,50,48.0056,91.6419,16.84,0.36
233,Marstal,DK,90,1613014266,86,54.8562,10.5173,26.6,9.22
234,Diego de Almagro,CL,0,1613014266,82,-26.3667,-70.05,54.9,0.85
235,Olafsvik,IS,100,1613014266,83,64.8945,-23.7142,36.37,19.24
236,Schmalkalden,DE,88,1613014267,83,50.7167,10.45,16.0,3.51
237,Laichow,CN,0,1613014267,40,37.1717,119.9214,54.45,10.4
238,Dingle,PH,4,1613014267,70,10.9995,122.6711,85.42,5.5
239,Ranong,TH,20,1613014267,62,9.9658,98.6348,87.8,6.91
240,Nideggen,DE,20,1613014267,86,50.7,6.4833,21.99,4.61
241,Severo-Kuril'sk,RU,100,1613014267,97,50.6789,156.125,26.49,21.85
242,Port Lincoln,AU,100,1613014267,58,-34.7333,135.8667,71.69,8.39
243,Antofagasta,CL,90,1613014194,77,-23.65,-70.4,68.0,5.75
244,Karratha,AU,10,1613014267,42,-20.7377,116.8463,94.95,11.03
245,Noyon,FR,0,1613014268,86,49.5833,3.0,21.99,6.91
246,Takoradze,GH,1,1613014268,87,4.8845,-1.7554,79.18,7.25
247,Samarai,PG,52,1613014268,66,-10.6167,150.6667,86.32,12.46
248,Hanstholm,DK,95,1613014268,89,57.1167,8.6167,19.99,18.52
249,Chimbote,PE,85,1613014268,76,-9.0853,-78.5783,72.3,3.91
250,Darhan,MN,100,1613014268,91,49.4867,105.9228,19.02,4.43
251,Talnakh,RU,0,1613014268,81,69.4865,88.3972,-17.05,2.46
252,Wajima,JP,75,1613014269,56,37.4,136.9,42.8,4.61
253,Sambava,MG,100,1613014269,86,-14.2667,50.1667,75.0,6.26
254,Cidreira,BR,51,1613014269,83,-30.1811,-50.2056,73.0,13.35
255,Takāb,IR,0,1613014152,74,36.4009,47.1133,32.94,1.68
256,Snyder,US,90,1613014269,100,32.7179,-100.9176,23.0,17.13
257,Sirte,LY,0,1613014269,33,31.2089,16.5887,63.05,13.33
258,Halifax,CA,40,1613013974,79,44.6453,-63.5724,19.4,6.91
259,Bendigo,AU,51,1613014269,44,-36.7667,144.2833,93.99,4.0
260,Kharan,PK,63,1613014269,27,28.5833,65.4167,62.47,6.08
261,Novikovo,RU,100,1613014269,97,51.1537,37.8879,22.84,5.26
262,Kungurtug,RU,100,1613014270,88,50.5994,97.5228,7.68,2.44
263,Santa Isabel Rio Negro,BR,34,1613014270,78,-0.4139,-65.0192,75.79,2.91
264,Kasane,BW,0,1613014270,100,-17.8167,25.15,68.0,4.61
265,Morki,RU,100,1613014270,92,56.4303,48.9947,-1.55,9.4
266,College,US,75,1613014270,66,64.8569,-147.8028,3.99,2.46
267,Yaan,NG,10,1613014270,54,7.3833,8.5667,73.24,2.75
268,George,ZA,90,1613014270,94,-33.963,22.4617,66.2,3.44
269,San Juan,AR,22,1613014173,40,-31.5375,-68.5364,76.41,6.46
270,Lagoa,PT,38,1613014270,67,39.05,-27.9833,57.47,35.66
271,Djibouti,DJ,1,1613014035,78,11.5,42.5,69.8,3.44
272,Clyde River,CA,0,1613014270,92,70.4692,-68.5914,3.2,42.57
273,Shōbara,JP,75,1613014271,50,34.85,133.0167,57.0,5.75
274,Port Augusta,AU,99,1613014271,13,-32.5,137.7667,104.0,21.85
275,Luau,AO,100,1613014271,99,-10.7073,22.2247,64.56,3.4
276,Nelson Bay,AU,20,1613014020,44,-32.7167,152.15,82.99,8.05
277,Bani Walid,LY,0,1613014271,29,31.7566,13.9942,60.55,11.52
278,Baoning,CN,40,1613014271,59,25.3378,110.026,62.6,3.8
279,Hamilton,US,90,1613014198,86,39.1834,-84.5333,21.99,12.66
280,Bosansko Grahovo,BA,100,1613014271,98,44.1794,16.3639,55.99,6.96
281,Bavly,RU,100,1613014271,94,54.393,53.2602,2.75,6.13
282,North Bend,US,1,1613014271,87,43.4065,-124.2243,48.0,3.44
283,Vostok,RU,3,1613014271,91,46.4856,135.8833,19.53,3.51
284,Fare,PF,4,1613014271,71,-16.7,-151.0167,81.23,18.16
285,Meulaboh,ID,94,1613014271,67,4.1363,96.1285,86.09,1.72
286,Zhangjiakou,CN,81,1613014271,57,40.81,114.8794,39.96,2.59
287,Sørland,NO,100,1613014272,92,67.667,12.6934,32.29,14.07
288,Leningradskiy,RU,0,1613014272,82,69.3833,178.4167,-29.02,4.65
289,Hot Springs,US,90,1613014068,93,34.5037,-93.0552,35.6,8.05
290,Coquimbo,CL,90,1613014272,88,-29.9533,-71.3436,62.6,8.05
291,Husavik,IS,90,1613014272,93,66.0449,-17.3389,19.4,4.61
292,Vila Franca do Campo,PT,20,1613014272,72,37.7167,-25.4333,59.0,27.63
293,Aquiraz,BR,40,1613014272,83,-3.9014,-38.3911,82.4,9.22
294,Lucea,JM,20,1613014272,88,18.451,-78.1736,77.0,1.14
295,Gornopravdinsk,RU,0,1613014272,85,60.05,69.9,-24.25,5.73
296,Westport,US,90,1613014261,64,41.1415,-73.3579,28.99,2.51
297,Port Macquarie,AU,40,1613014272,53,-31.4333,152.9167,78.01,11.5
298,São Caetano de Odivelas,BR,84,1613014272,94,-0.75,-48.02,75.31,5.57
299,Gravdal,NO,85,1613014272,90,68.1214,13.5031,31.03,12.35
300,Aragarças,BR,66,1613014273,90,-15.8975,-52.2508,71.8,2.82
301,Millinocket,US,1,1613014273,66,45.6573,-68.7098,8.6,5.75
302,Chokurdakh,RU,27,1613014273,89,70.6333,147.9167,-12.62,5.5
303,Cayenne,GF,75,1613014273,100,4.9333,-52.3333,75.2,8.05
304,Ust-Nera,RU,69,1613014273,85,64.5667,143.2,9.41,4.27
305,Shahr-e Bābak,IR,97,1613014273,42,30.1165,55.1186,49.01,6.04
306,Baykit,RU,99,1613014273,85,61.67,96.37,-10.53,2.51
307,Luwuk,ID,100,1613014273,65,-0.9516,122.7875,86.16,2.44
308,Winslow,US,1,1613014273,35,35.0242,-110.6974,39.2,3.44
309,Ouango,CF,100,1613014273,31,4.3133,22.5552,66.33,2.13
310,Kurlovo,RU,80,1613014273,93,55.4325,40.4854,-2.4,5.5
311,Singosari,ID,20,1613014274,79,-7.8924,112.6658,84.2,4.61
312,San Felipe,VE,33,1613014274,91,10.3399,-68.7425,68.59,4.83
313,São José da Coroa Grande,BR,10,1613014274,84,-8.8978,-35.1478,77.77,9.01
314,Shuangcheng,CN,100,1613014274,74,45.35,126.2833,24.8,13.42
315,Chabahar,IR,100,1613014274,35,25.2919,60.643,74.37,6.2
316,Bocaiúva,BR,0,1613014274,83,-17.1078,-43.815,71.6,4.52
317,Provost,CA,100,1613014274,75,52.3501,-110.2683,-27.4,6.91
318,Tankhoy,RU,100,1613014274,90,51.5528,105.1306,15.21,8.01
319,Ampanihy,MG,100,1613014274,76,-24.7,44.75,72.19,10.42
320,Fengzhen,CN,100,1613014274,53,40.4394,113.1536,44.71,14.41
321,Al Bardīyah,LY,0,1613014274,40,31.7561,25.0865,60.26,11.5
322,Yenangyaung,MM,0,1613014274,27,20.4667,94.8833,80.29,1.7
323,Sittwe,MM,0,1613014275,36,20.15,92.9,77.23,1.92
324,East London,ZA,20,1613014275,94,-33.0153,27.9116,71.6,6.91
325,Nanortalik,GL,54,1613014275,86,60.1432,-45.2371,22.93,9.95
326,Denpasar,ID,40,1613014275,79,-8.65,115.2167,84.2,10.36
327,Umluj,SA,0,1613014275,43,25.0213,37.2685,75.97,10.13
328,Roald,NO,0,1613014275,50,62.5833,6.1333,23.0,13.8
329,Joaçaba,BR,82,1613014275,92,-27.1781,-51.5047,60.89,2.84
330,Lagos,NG,20,1613014267,89,6.5833,3.75,80.6,4.83
331,Lufilufi,WS,75,1613014276,84,-13.8745,-171.5986,86.0,13.8
332,Kholodnyy,RU,76,1613014276,90,62.7167,147.95,5.32,2.26
333,Pacific Grove,US,1,1613014147,76,36.6177,-121.9166,51.8,3.44
334,Vardø,NO,100,1613014276,87,70.3705,31.1107,24.78,13.24
335,Buchanan,LR,40,1613014276,94,5.8808,-10.0467,77.0,5.53
336,Nālūt,LY,0,1613014276,47,30.3333,10.85,48.13,2.86
337,Riihimäki,FI,0,1613014276,85,60.7377,24.7773,3.0,8.05
338,Kavaratti,IN,94,1613014276,60,10.5669,72.642,81.32,7.11
339,Qasigiannguit,GL,20,1613014276,62,68.8193,-51.1922,12.2,17.27
340,Ruteng,ID,100,1613014276,80,-8.6136,120.4721,74.48,2.42
341,Kosa,RU,94,1613014276,89,59.9445,54.9977,-18.63,1.52
342,Povenets,RU,78,1613014276,90,62.8487,34.8262,-11.7,0.98
343,Salinas,US,1,1613014276,76,36.6777,-121.6555,53.6,4.61
344,Goundam,ML,50,1613014277,18,16.4145,-3.6708,71.51,11.88
345,Mnogovershinnyy,RU,68,1613014277,96,53.9353,139.9242,14.49,8.97
346,Archidona,ES,88,1613014277,75,37.0965,-4.3887,62.01,11.99
347,Tonantins,BR,100,1613014277,94,-2.8731,-67.8022,75.22,1.23
348,Bandarbeyla,SO,100,1613014277,74,9.4942,50.8122,73.89,14.83
349,Abū Zabad,SD,0,1613014277,28,12.35,29.25,64.08,6.76
350,Beringovskiy,RU,91,1613014277,86,63.05,179.3167,-23.19,13.96
351,Muisne,EC,95,1613014277,88,0.6,-80.0333,76.37,0.09
352,Ostrovnoy,RU,56,1613014277,92,68.0531,39.5131,1.0,12.15
353,Maswa,TZ,100,1613014277,90,-2.6833,33.9833,63.97,3.09
354,Beloha,MG,100,1613014277,84,-25.1667,45.05,71.33,7.56
355,Aras,ES,0,1613014277,93,42.5617,-2.356,37.4,1.86
356,Talaya,RU,95,1613014277,90,61.3833,152.75,0.93,2.82
357,Taoudenni,ML,0,1613014277,26,22.6783,-3.9836,61.79,10.56
358,Pemangkat,ID,84,1613014277,73,1.1667,108.9667,83.23,10.16
359,Te Anau,NZ,99,1613014277,63,-45.4167,167.7167,55.87,7.11
360,Atambua,ID,99,1613014278,74,-9.1061,124.8925,82.17,4.09
361,Guinticgan,PH,8,1613014278,75,11.5641,123.1236,82.11,1.99
362,Kaeo,NZ,94,1613014278,74,-35.1,173.7833,72.0,5.01
363,Waterbury,US,90,1613014278,58,41.5582,-73.0515,24.8,1.88
364,Maceió,BR,75,1613014004,94,-9.6658,-35.7353,75.2,1.14
365,São Felipe,BR,84,1613014278,85,-14.8167,-41.3833,68.97,1.61
366,Vestmanna,FO,16,1613014278,86,62.1564,-7.1664,23.0,8.59
367,Emerald,AU,90,1613014278,54,-23.5333,148.1667,86.0,10.36
368,Babstovo,RU,36,1613014278,91,48.1167,132.4833,18.61,3.31
369,Honningsvåg,NO,100,1613014278,88,70.9821,25.9704,25.47,4.16
370,Gizo Government Station,SB,96,1613014278,74,-8.103,156.8419,84.25,9.89
371,Kaifeng,CN,0,1613014278,62,34.7911,114.3483,53.6,4.47
372,Marsá Maţrūḩ,EG,0,1613014279,53,31.3525,27.2453,50.0,4.72
373,Samaná,DO,12,1613014279,83,19.2056,-69.3369,73.94,9.22
374,Hualmay,PE,100,1613014277,72,-11.0964,-77.6139,72.73,5.95
375,Lékoni,GA,85,1613014279,77,-1.5843,14.2591,74.68,5.97
376,Acapulco de Juárez,MX,20,1613014279,73,16.8634,-99.8901,78.8,6.91
377,Laredo,US,75,1613014022,82,27.5064,-99.5075,59.0,17.27
378,Oranjestad,AW,0,1613014001,80,12.524,-70.027,77.92,19.75
379,Porterville,US,1,1613014197,71,36.0652,-119.0168,55.4,3.91
380,Dudinka,RU,0,1613014279,81,69.4058,86.1778,-18.92,3.4
381,The Pas,CA,1,1613014279,68,53.8251,-101.2541,-25.6,8.05
382,Kaka,TM,40,1613014279,60,37.3482,59.6143,49.26,6.26
383,Dawei,MM,11,1613014279,34,14.0833,98.2,90.72,1.43
384,Maralal,KE,99,1613014279,63,1.0968,36.698,59.79,6.11
385,Muhafazat Lahij,YE,0,1613014280,69,13.1667,44.5833,68.2,1.23
386,Newcastle,AU,20,1613014128,44,-32.9272,151.7765,82.99,8.05
387,Los Llanos de Aridane,ES,12,1613014280,72,28.6585,-17.9182,60.8,6.91
388,Havelock,US,54,1613014280,87,34.8791,-76.9013,46.99,5.01
389,Saldanha,ZA,0,1613014280,82,-33.0117,17.9442,62.6,5.75
390,Russell,US,20,1613014280,94,32.3502,-85.1999,59.0,2.42
391,Lokosovo,RU,100,1613014280,86,61.1333,74.8167,-19.05,11.65
392,Mzimba,MW,100,1613014280,95,-11.9,33.6,62.83,0.74
393,Matam,SN,63,1613014280,17,15.6175,-13.3303,75.09,8.05
394,Gawler,AU,100,1613014280,17,-34.6,138.7333,100.0,23.0
395,Los Alamos,US,75,1613014281,33,35.8881,-106.307,42.8,10.36
396,Nicoya,CR,0,1613014281,57,10.1483,-85.452,78.8,10.36
397,Bentiu,SS,94,1613014281,23,9.2333,29.8333,70.47,5.44
398,Kieta,PG,95,1613014281,79,-6.2167,155.6333,81.64,6.62
399,Khabary,RU,26,1613014281,85,53.6259,79.5345,-25.6,4.25
400,Iqaluit,CA,1,1613014161,78,63.7506,-68.5145,1.4,4.61
401,Usinsk,RU,96,1613014281,88,65.9939,57.5281,-21.98,6.8
402,Quryq,KZ,100,1613014281,65,43.2,51.65,44.33,15.61
403,Yumen,CN,70,1613014281,67,40.2833,97.2,36.05,11.72
404,Salaga,GH,0,1613014281,66,8.5508,-0.5188,77.13,4.38
405,Yuancheng,CN,100,1613014281,49,36.652,107.7896,45.66,13.24
406,Cam Ranh,VN,75,1613014281,65,11.9214,109.1591,77.0,16.11
407,Micheweni,TZ,98,1613014281,73,-4.9667,39.8333,81.43,8.28
408,Zamárdi,HU,100,1613014281,65,46.8849,17.9537,26.01,24.0
409,Sayhāt,SA,0,1613014282,81,26.4852,50.0405,50.0,4.61
410,Mt. Pleasant,US,90,1613014147,100,32.7941,-79.8626,55.99,7.11
411,Colares,PT,100,1613014282,95,38.7992,-9.4469,57.99,10.94
412,Quatre Cocos,MU,92,1613014282,68,-20.2078,57.7625,82.0,8.01
413,Lohārdagā,IN,60,1613014282,26,23.4333,84.6833,74.21,1.45
414,Geraldton,AU,0,1613014277,29,-28.7667,114.6,78.8,21.85
415,Uarini,BR,92,1613014282,87,-2.99,-65.1083,76.6,2.06
416,Baruun-Urt,MN,46,1613014282,94,46.6806,113.2792,26.96,26.15
417,Kenora,CA,20,1613014282,69,49.8167,-94.4337,-16.01,8.05
418,La Rioja,ES,0,1613014282,93,42.25,-2.5,37.4,4.52
419,Daru,PG,100,1613014282,69,-9.0763,143.2092,86.32,3.98
420,Borba,BR,100,1613014282,96,-4.3878,-59.5939,74.16,2.68
421,Mestia,GE,64,1613014282,89,43.0458,42.7278,31.55,1.5
422,Varnavino,RU,96,1613014283,93,57.4035,45.0916,0.37,7.56
423,Arrondissement de Morlaix,FR,0,1613014283,59,48.5833,-4.0,30.99,18.41
424,Sena Madureira,BR,100,1613014283,97,-9.0656,-68.6569,73.47,5.44
425,Sabla,NG,0,1613014283,21,12.7525,4.7077,68.54,9.82
426,Urengoy,RU,100,1613014283,86,65.9667,78.3667,-25.26,6.2
427,El Dorado,US,46,1613014283,84,38.7666,-120.5177,48.0,4.79
428,Mabai,CN,46,1613014283,74,23.0128,104.4508,56.32,4.29
429,Morón,AR,98,1613014215,93,-34.6534,-58.6198,71.01,4.0
430,Kysyl-Syr,RU,0,1613014283,88,63.8986,122.7617,-11.56,4.16
431,Ballina,AU,75,1613014283,57,-28.8667,153.5667,78.8,12.66
432,Ilula,TZ,75,1613014283,94,-7.6766,36.0366,62.6,3.04
433,Tyulyachi,RU,75,1613014283,78,55.8913,50.2399,1.4,11.18
434,Esmeraldas,BR,0,1613014283,88,-19.7625,-44.3139,69.8,2.3
435,Nuuk,GL,90,1613014283,93,64.1835,-51.7216,24.8,4.61
436,Caravelas,BR,50,1613014283,86,-17.7125,-39.2481,75.18,4.23
437,Eureka,US,79,1613014283,88,40.8021,-124.1637,46.99,2.48
438,Deputatsky,RU,84,1613014283,90,69.3,139.9,-19.66,2.59
439,Bingöl,TR,0,1613014283,84,38.8847,40.4939,35.28,5.06
440,Sirajganj,BD,0,1613014284,55,24.45,89.7167,68.41,1.72
441,Porto-Novo,BJ,40,1613014284,84,6.4965,2.6036,84.2,12.66
442,Conakry,GN,0,1613014011,77,9.538,-13.6773,77.81,7.31
443,Severobaykal'sk,RU,0,1613014284,84,55.65,109.3167,9.91,6.17
444,Erenhot,CN,15,1613014284,83,43.6475,111.9767,34.63,24.85
445,Ternate,ID,7,1613014284,67,0.8,127.4,85.96,3.71
446,Pabbi,PK,0,1613014284,66,34.0106,71.7989,50.0,4.61
447,Ol'ga,RU,0,1613014284,76,43.7444,135.2892,34.02,9.42
448,Dezful,IR,66,1613014083,51,32.3811,48.4058,57.54,2.06
449,Mossamedes,AO,100,1613014284,75,-15.1961,12.1522,72.19,3.76
450,Lakes Entrance,AU,1,1613014284,60,-37.8811,147.981,82.99,7.0
451,Marystown,CA,11,1613014284,89,47.1666,-55.1483,19.58,31.03
452,Krasnooktyabrskiy,RU,100,1613014284,80,44.9328,38.3712,46.99,1.99
453,Seymchan,RU,85,1613014285,89,62.8833,152.4333,-0.69,1.03
454,Madang,PG,100,1613014285,67,-5.2246,145.7966,86.07,5.26
455,Kelvington,CA,92,1613014285,68,52.1667,-103.5343,-25.6,4.61
456,Port Blair,IN,80,1613014019,56,11.6667,92.75,80.08,9.46
457,Canatlán,MX,1,1613014285,22,24.5167,-104.7833,62.6,20.71
458,Yangjiang,CN,0,1613014285,56,21.85,111.9667,69.01,3.0
459,Mbigou,GA,100,1613014285,98,-1.9005,11.906,70.61,3.09
460,Banda Aceh,ID,8,1613014285,64,5.5577,95.3222,85.44,3.76
461,Songea,TZ,90,1613014285,94,-10.6833,35.65,68.0,1.79
462,Aschersleben,DE,81,1613014285,87,51.75,11.4667,16.0,1.99
463,Santiago del Estero,AR,29,1613014285,89,-27.7951,-64.2615,68.0,5.99
464,Mariinsk,RU,81,1613014285,85,56.2139,87.7472,-12.68,11.56
465,Kidal,ML,17,1613014285,20,18.4411,1.4078,67.64,9.4
466,Nipawin,CA,75,1613014286,76,53.3668,-104.0009,-23.8,8.05
467,Klichka,RU,100,1613014286,95,50.4457,117.996,9.63,5.86
468,San Policarpo,PH,75,1613014286,83,12.1791,125.5072,81.16,13.29
469,Kununurra,AU,40,1613014286,66,-15.7667,128.7333,89.6,8.05
470,Caramay,PH,6,1613014286,80,10.1815,119.236,81.32,4.05
471,Riviere-au-Renard,CA,1,1613014286,66,48.9957,-64.3971,6.8,8.05
472,Saint-François,FR,90,1613014286,86,46.4154,3.9054,30.2,6.91
473,Estrela,BR,88,1613014286,99,-28.0611,-50.9383,57.61,5.03
474,Rena,NO,0,1613014286,86,61.1348,11.3641,1.31,5.93
475,Dhidhdhoo,MV,55,1613014287,63,6.8833,73.1,81.7,7.14
476,Zaterechnyy,RU,85,1613014287,91,44.7931,45.2097,39.9,5.88
477,Broome,US,90,1613014287,49,42.2506,-75.833,21.99,0.51
478,Aného,TG,40,1613014287,84,6.2333,1.6,84.2,9.22
479,Richards Bay,ZA,98,1613014287,82,-28.783,32.0377,74.48,2.04
480,Petropavlovsk-Kamchatskiy,RU,40,1613014287,64,53.0452,158.6483,33.8,17.9
481,Novi Pazar,RS,100,1613014287,85,43.1367,20.5122,43.57,1.43
482,Togur,RU,100,1613014287,88,58.3631,82.8265,-11.69,9.55
483,Svetlaya,RU,0,1613014287,84,46.5389,138.3297,28.85,4.16
484,Lucapa,AO,100,1613014287,95,-8.4192,20.7447,64.71,2.93
485,Praia,CV,0,1613014287,64,14.9215,-23.5087,69.8,14.97
486,Andenes,NO,100,1613014288,55,69.3143,16.1194,30.2,10.36
487,Alugan,PH,14,1613014288,83,12.2188,125.4808,81.1,12.82
488,Trat,TH,0,1613014288,48,12.5,102.5,84.99,13.8
489,Korla,CN,95,1613014288,62,41.7597,86.1469,39.02,7.38
490,Valdosta,US,90,1613014141,94,30.8327,-83.2785,64.99,2.84
491,Kalmunai,LK,43,1613014288,69,7.4167,81.8167,76.89,9.13
492,Jalu,LY,0,1613014288,36,29.0331,21.5482,54.95,7.45
493,Acarí,PE,82,1613014288,72,-15.4311,-74.6158,71.82,1.88
494,Mata,PT,100,1613014288,95,40.683,-7.4592,54.0,3.0
495,Eldorado,BR,97,1613014288,87,-23.7869,-54.2836,67.98,1.14
496,Saint-Augustin,CA,100,1613014288,97,51.226,-58.6502,17.92,7.11
497,Ancud,CL,0,1613014288,77,-41.8697,-73.8203,64.0,6.91
498,Berëzovka,BY,100,1613014288,95,53.7214,25.4993,7.81,5.93
499,Yongchang,CN,100,1613014288,97,30.0381,119.7317,50.0,7.0
500,The Valley,AI,20,1613014229,73,18.217,-63.0578,78.01,10.36
501,Yatou,CN,2,1613014288,52,37.15,122.3833,49.37,12.15
502,Hachinohe,JP,100,1613014288,49,40.5,141.5,37.0,14.0
503,Saint-Joseph,RE,75,1613014289,69,-21.3667,55.6167,79.0,1.14
504,City of San Pedro,PH,40,1613014289,78,14.35,121.0167,86.0,6.91
505,Santa Cruz de la Sierra,BO,90,1613014201,88,-17.8,-63.1667,69.8,5.75
506,Little Current,CA,91,1613014289,85,45.9793,-81.9248,10.4,5.75
507,Barabai,ID,69,1613014289,53,-2.5833,115.3833,93.79,2.53
508,Cartagena,CO,0,1613014289,83,10.3997,-75.5144,78.8,9.22
509,Fort Nelson,CA,40,1613014024,70,58.8053,-122.7002,-11.2,5.75
510,Fairview,US,90,1613014289,47,40.8126,-73.999,33.8,3.13
511,Nishihara,JP,90,1613014289,59,26.1842,127.7558,68.0,33.38
512,Talcahuano,CL,90,1613014289,100,-36.7167,-73.1167,59.0,5.75
513,Karancskeszi,HU,100,1613014289,97,48.1635,19.6969,31.48,4.27
514,Brebes,ID,96,1613014289,71,-6.8706,109.0369,84.78,3.6
515,Yambio,SS,72,1613014289,38,4.5721,28.3955,66.33,3.06
516,Bariloche,AR,20,1613014289,35,-41.1456,-71.3082,75.2,10.36
517,Klyuchi,RU,95,1613014289,86,52.2667,79.1667,-18.26,1.21
518,Lindenwold,US,90,1613014290,74,39.8243,-74.9977,33.01,4.94
519,Kandi,BJ,7,1613014290,22,11.1342,2.9386,70.9,4.74
520,Vanimo,PG,88,1613014290,81,-2.6741,141.3028,82.15,8.99
521,Sitka,US,1,1613014290,33,57.0531,-135.33,26.6,9.22
522,Qaqortoq,GL,0,1613014290,27,60.7167,-46.0333,33.8,32.21
523,Yaroslavskiy,RU,99,1613014290,95,44.1683,132.2072,24.84,3.62
524,Pitimbu,BR,75,1613014290,94,-7.4706,-34.8086,78.8,4.61
525,Henties Bay,NA,98,1613014290,91,-22.116,14.2845,68.0,7.52
526,Shahdad Kot,PK,84,1613014290,20,27.8477,67.9055,71.74,2.21
527,Duxbury,US,75,1613014290,79,42.0418,-70.6723,26.01,4.61
528,Tautira,PF,40,1613014290,61,-17.7333,-149.15,84.2,8.05
529,Hokitika,NZ,55,1613014290,69,-42.7167,170.9667,59.54,10.31
530,San Javier,ES,0,1613014291,81,37.8063,-0.8374,54.0,4.61
531,Yanam,IN,92,1613014291,49,16.7333,82.2167,81.91,2.26
532,Wukari,NG,58,1613014291,20,7.85,9.7833,70.95,4.03
533,Porto-Vecchio,FR,20,1613014291,66,41.591,9.2795,59.0,20.71
534,Oussouye,SN,0,1613014291,83,12.485,-16.5469,71.6,4.61
535,Pamekasan,ID,96,1613014291,76,-7.1568,113.4746,83.14,4.92
536,Bambanglipuro,ID,91,1613014291,74,-7.95,110.2833,83.23,9.82
537,Ashquelon,IL,20,1613014291,93,31.6693,34.5715,53.01,1.14
538,Hailar,CN,100,1613014291,94,49.2,119.7,25.23,8.5
539,Kurchum,KZ,100,1613014291,86,48.5722,83.6542,4.42,1.43
540,Kenai,US,90,1613014291,79,60.5544,-151.2583,19.99,14.97
541,Saint Anthony,US,1,1613014291,54,45.0205,-93.218,-0.4,8.05
542,Alenquer,BR,75,1613014291,100,-1.9417,-54.7383,75.2,4.61
543,Mehamn,NO,100,1613014292,87,71.0357,27.8492,21.0,2.01
544,Guerrero Negro,MX,18,1613014292,77,27.9769,-114.0611,56.68,15.21
545,Khorixas,NA,100,1613014292,87,-20.3667,14.9667,65.39,5.66
546,Camargo,MX,54,1613014292,26,27.6667,-105.1667,63.7,9.28
547,Bubaque,GW,87,1613014292,66,11.2833,-15.8333,76.86,12.03
548,Chicama,PE,100,1613014292,70,-7.8447,-79.1469,74.35,4.29
549,Grand-Santi,GF,99,1613014292,90,4.25,-54.3833,72.41,2.64
550,Hobyo,SO,89,1613014292,71,5.3505,48.5268,77.36,18.68
551,Bronkhorstspruit,ZA,81,1613014292,88,-25.8102,28.7425,69.01,4.61
552,Bumba,CD,98,1613014292,49,2.1833,22.4667,70.16,2.19
553,Flinders,AU,3,1613014291,59,-34.5833,150.8552,82.0,5.01
554,Ambunti,PG,41,1613014293,61,-4.2365,142.8448,90.45,4.85
555,Kloulklubed,PW,75,1613014293,79,7.0419,134.2556,84.2,9.22
556,Dauphin,CA,20,1613014293,69,51.1494,-100.0502,-20.2,6.91
557,Norrtälje,SE,96,1613014264,92,59.758,18.705,21.0,8.05
558,Hue,VN,20,1613014293,68,16.4667,107.6,71.6,5.75
559,Mitú,CO,100,1613014293,91,1.1983,-70.1733,73.53,2.57
560,Rabo de Peixe,PT,20,1613014293,72,37.8,-25.5833,59.0,27.63
